{"metadata":{"asset_id":"d9f0c5c7-eef2-42c4-8009-90c7396b4b1c","asset_attributes":["data_flow"],"name":"18-1 - Riesgo Crediticio - Histórico.csv_flow","asset_type":"data_flow","created_at":"2022-03-01T15:40:10Z","description":"","origin_country":"us","owner_id":"IBMid-663001U9P8","project_id":"a6d37f5b-5260-4bcb-9226-3fd163edf665","size":0,"tags":[],"usage":{"last_update_time":1646149210300,"last_updated_at":"2022-03-01T15:40:10Z"}},"entity":{"data_flow":{"pipeline":{"primary_pipeline":"pipeline1","pipelines":[{"nodes":[{"output":{"id":"source1output"},"data_asset":{"ref":"f41fe31c-1f73-4e11-92a4-3c5333d95628","app_data":{"dataset_name":"18-1 - Riesgo Crediticio - Histórico.csv"},"properties":{"first_line_header":"true","encoding":"UTF-8","invalid_data_handling":"fail","file_format":"csv"}},"id":"source1","type":"binding"},{"outputs":[{"id":"outputPort1"}],"op":"com.ibm.wdp.transformer.FreeformCode","inputs":[{"links":[{"node_id_ref":"source1","port_id_ref":"source1output"}],"id":"inputPort1"}],"id":"579cfba8-6e10-4eba-99f2-dca4824aad4f","type":"execution_node","app_data":{"uiParams":{"args":{"auto":true,"type":"mutate","conditions":[],"version":9,"autoConditions":[{"removeColumn":false,"newColumnName":"","actualType":"character","column":"LoanDuration","format":"","type":"as.integer"},{"removeColumn":false,"newColumnName":"","actualType":"character","column":"LoanAmount","format":"","type":"as.integer"},{"removeColumn":false,"newColumnName":"","actualType":"character","column":"InstallmentPercent","format":"","type":"as.integer"},{"removeColumn":false,"newColumnName":"","actualType":"character","column":"CurrentResidenceDuration","format":"","type":"as.integer"},{"removeColumn":false,"newColumnName":"","actualType":"character","column":"Age","format":"","type":"as.integer"},{"removeColumn":false,"newColumnName":"","actualType":"character","column":"ExistingCreditsCount","format":"","type":"as.integer"},{"removeColumn":false,"newColumnName":"","actualType":"character","column":"Dependents","format":"","type":"as.integer"}]},"code":"mutate(`LoanDuration` = as.integer(`LoanDuration`),`LoanAmount` = as.integer(`LoanAmount`),`InstallmentPercent` = as.integer(`InstallmentPercent`),`CurrentResidenceDuration` = as.integer(`CurrentResidenceDuration`),`Age` = as.integer(`Age`),`ExistingCreditsCount` = as.integer(`ExistingCreditsCount`),`Dependents` = as.integer(`Dependents`))","automatic":true,"key":"mutate"}},"parameters":{"FREEFORM_CODE":"mutate(`LoanDuration` = as.integer(`LoanDuration`),`LoanAmount` = as.integer(`LoanAmount`),`InstallmentPercent` = as.integer(`InstallmentPercent`),`CurrentResidenceDuration` = as.integer(`CurrentResidenceDuration`),`Age` = as.integer(`Age`),`ExistingCreditsCount` = as.integer(`ExistingCreditsCount`),`Dependents` = as.integer(`Dependents`))"}},{"input":{"link":{"node_id_ref":"579cfba8-6e10-4eba-99f2-dca4824aad4f","port_id_ref":"outputPort1"},"id":"targetInput1"},"data_asset":{"app_data":{"targetType":"dataAsset","project_name":"Riesgo Crediticio"},"properties":{"mode":"overwrite","name":"18-1 - Riesgo Crediticio - Histórico_csv_shaped","first_line_header":true,"file_format":"csv"}},"id":"target1","type":"binding"}],"runtime":"Spark","id":"pipeline1"}],"doc_type":"pipeline","id":"0aa2a7f9-9d30-4c37-8b85-2e8ff4cbaf3a","app_data":{"replace_space_by_dot":true,"shaperCreated":true},"version":"1.0"},"_entity_only":true}}}
