{"metadata":{"asset_id":"67a1d01d-8365-4107-872f-81be0c605dd4","asset_attributes":["data_asset"],"name":"salida.csv","asset_type":"data_asset","created_at":"2022-03-01T15:09:51Z","description":"","origin_country":"us","owner_id":"IBMid-663001U9P8","project_id":"a6d37f5b-5260-4bcb-9226-3fd163edf665","size":23493,"tags":[],"usage":{"last_update_time":1646148010679,"last_updated_at":"2022-03-01T15:20:10Z"}},"entity":{"data_asset":{"mime_type":"text/csv","dataset":false,"schema":{"etag":"\"fe2d3a7220c50bfefeef09d35b6e2488-1\"","valid_since":"Tue, 01 Mar 2022 15:09:49 GMT","fields":[{"name":"CustomerID","type":"string","format":"uuid"},{"name":"CheckingStatus","type":"string","format":"default"},{"name":"LoanDuration","type":"integer","format":"default"},{"name":"CreditHistory","type":"string","format":"default"},{"name":"LoanPurpose","type":"string","format":"default"},{"name":"LoanAmount","type":"integer","format":"default"},{"name":"ExistingSavings","type":"string","format":"default"},{"name":"EmploymentDuration","type":"string","format":"default"},{"name":"InstallmentPercent","type":"integer","format":"default"},{"name":"Sex","type":"string","format":"default"},{"name":"OthersOnLoan","type":"string","format":"default"},{"name":"CurrentResidenceDuration","type":"string","format":"default"},{"name":"OwnsProperty","type":"string","format":"default"},{"name":"Age","type":"string","format":"default"},{"name":"InstallmentPlans","type":"string","format":"default"},{"name":"Housing","type":"string","format":"default"},{"name":"ExistingCreditsCount","type":"integer","format":"default"},{"name":"Job","type":"string","format":"default"},{"name":"Dependents","type":"integer","format":"default"},{"name":"Telephone","type":"string","format":"default"},{"name":"ForeignWorker","type":"string","format":"default"},{"name":"$R-Risk","type":"string","format":"default"},{"name":"$RC-Risk","type":"number","format":"default"}]}},"location_definition":{"physical_location_code":"DAL","physical_location_code_assigned_by":"IBMid-663001U9P8","physical_location_code_rds_id":"c57cb90f-2126-3800-9c9f-9eab82021cdf","physical_location_code_rds_version":"test_version_noop","physical_location_code_assignment_method":"INFERRED","physical_location_code_added_on":"1646144941787"}},"attachments":[{"id":"2bc2a7a2-b8a7-4c02-9d1c-c835f324e7d4","version":2,"asset_type":"data_asset","name":"salida.csv","mime":"text/csv","datasource_type":"193a97c1-4475-4a19-b90c-295c4fdc6517","object_key":"salida.csv","creator_id":"IBMid-663001U9P8","create_time":1646147391712,"size":23493,"is_remote":false,"is_managed":false,"is_referenced":true,"is_object_key_read_only":false,"is_user_provided_path_key":true,"transfer_complete":true,"is_partitioned":false,"complete_time_ticks":1646147391712,"user_data":{},"test_doc":0,"handle":{"bucket":"riesgocrediticio-donotdelete-pr-wht2ed76djrfvo","location":"us-geo","key":"salida.csv","upload_id":"done","max_part_num":1},"usage":{"access_count":1,"last_accessor_id":"IBMid-663001U9P8","last_access_time":1646147563497,"last_updater_id":"IBMid-663001U9P8","last_update_time":1646147563497}}]}
