{"metadata":{"asset_id":"f41fe31c-1f73-4e11-92a4-3c5333d95628","asset_attributes":["data_asset"],"name":"18-1 - Riesgo Crediticio - Histórico.csv","asset_type":"data_asset","created_at":"2022-03-01T14:35:04Z","description":"","origin_country":"us","owner_id":"IBMid-663001U9P8","project_id":"a6d37f5b-5260-4bcb-9226-3fd163edf665","size":861981,"tags":[],"usage":{"last_update_time":1646145304790,"last_updated_at":"2022-03-01T14:35:04Z"}},"entity":{"data_asset":{"mime_type":"text/csv","dataset":false},"location_definition":{"physical_location_code_assignment_method":"INFERRED","physical_location_code":"DAL","physical_location_code_assigned_by":"IBMid-663001U9P8","physical_location_code_added_on":"1646144941787","physical_location_code_rds_version":"test_version_noop","physical_location_code_rds_id":"c57cb90f-2126-3800-9c9f-9eab82021cdf"}},"attachments":[{"id":"f4ba32ed-a5e8-4ca3-bb99-62f762085e91","version":2,"asset_type":"data_asset","name":"18-1 - Riesgo Crediticio - Histórico.csv","mime":"text/csv","datasource_type":"193a97c1-4475-4a19-b90c-295c4fdc6517","object_key":"18-1 - Riesgo Crediticio - Histórico.csv","creator_id":"IBMid-663001U9P8","create_time":1646145305589,"size":861981,"is_remote":false,"is_managed":false,"is_referenced":true,"is_object_key_read_only":true,"is_user_provided_path_key":true,"transfer_complete":true,"is_partitioned":false,"complete_time_ticks":1646145305589,"user_data":{},"test_doc":0,"handle":{"bucket":"riesgocrediticio-donotdelete-pr-wht2ed76djrfvo","location":"us-geo","key":"18-1 - Riesgo Crediticio - Histórico.csv","upload_id":"done","max_part_num":1},"usage":{"access_count":0,"last_accessor_id":"IBMid-663001U9P8","last_access_time":1646145305589}}]}
